-- phpMyAdmin SQL Dump
-- version 5.2.1
-- https://www.phpmyadmin.net/
--
-- Host: 127.0.0.1
-- Generation Time: Aug 20, 2025 at 07:08 AM
-- Server version: 10.4.32-MariaDB
-- PHP Version: 8.0.30

SET SQL_MODE = "NO_AUTO_VALUE_ON_ZERO";
START TRANSACTION;
SET time_zone = "+00:00";


/*!40101 SET @OLD_CHARACTER_SET_CLIENT=@@CHARACTER_SET_CLIENT */;
/*!40101 SET @OLD_CHARACTER_SET_RESULTS=@@CHARACTER_SET_RESULTS */;
/*!40101 SET @OLD_COLLATION_CONNECTION=@@COLLATION_CONNECTION */;
/*!40101 SET NAMES utf8mb4 */;

--
-- Database: `healthpatient`
--

-- --------------------------------------------------------

--
-- Table structure for table `admin`
--

CREATE TABLE `admin` (
  `id` int(11) NOT NULL,
  `username` varchar(50) NOT NULL,
  `password` varchar(255) NOT NULL,
  `full_name` varchar(100) NOT NULL,
  `created_at` timestamp NOT NULL DEFAULT current_timestamp()
) ENGINE=InnoDB DEFAULT CHARSET=utf8mb4 COLLATE=utf8mb4_general_ci;

--
-- Dumping data for table `admin`
--

INSERT INTO `admin` (`id`, `username`, `password`, `full_name`, `created_at`) VALUES
(1, 'admin', '$2y$10$ZnTO45cy54Fi30sQ.04qPehw./Z7YAxrirQWR.qE3b/RLcpivKaTm', 'System Administrator', '2025-05-01 21:20:54');

-- --------------------------------------------------------

--
-- Table structure for table `audit_logs`
--

CREATE TABLE `audit_logs` (
  `id` int(11) NOT NULL,
  `user_id` int(11) DEFAULT NULL,
  `user_type` enum('admin','staff','user') NOT NULL,
  `action` varchar(255) NOT NULL,
  `table_affected` varchar(50) DEFAULT NULL,
  `record_id` int(11) DEFAULT NULL,
  `old_values` longtext CHARACTER SET utf8mb4 COLLATE utf8mb4_bin DEFAULT NULL CHECK (json_valid(`old_values`)),
  `new_values` longtext CHARACTER SET utf8mb4 COLLATE utf8mb4_bin DEFAULT NULL CHECK (json_valid(`new_values`)),
  `ip_address` varchar(45) DEFAULT NULL,
  `user_agent` text DEFAULT NULL,
  `created_at` timestamp NOT NULL DEFAULT current_timestamp()
) ENGINE=InnoDB DEFAULT CHARSET=utf8mb4 COLLATE=utf8mb4_general_ci;

--
-- Dumping data for table `audit_logs`
--

INSERT INTO `audit_logs` (`id`, `user_id`, `user_type`, `action`, `table_affected`, `record_id`, `old_values`, `new_values`, `ip_address`, `user_agent`, `created_at`) VALUES
(1, 2, 'staff', 'create patient', 'sitio1_patients', 10, NULL, NULL, '::1', NULL, '2025-05-04 01:40:46');

-- --------------------------------------------------------

--
-- Table structure for table `existing_info_patients`
--

CREATE TABLE `existing_info_patients` (
  `id` int(11) NOT NULL,
  `patient_id` int(11) NOT NULL,
  `gender` varchar(10) DEFAULT NULL,
  `height` decimal(5,2) DEFAULT NULL,
  `weight` decimal(5,2) DEFAULT NULL,
  `blood_type` varchar(3) DEFAULT NULL,
  `allergies` text DEFAULT NULL,
  `medical_history` text DEFAULT NULL,
  `current_medications` text DEFAULT NULL,
  `family_history` text DEFAULT NULL,
  `updated_at` timestamp NULL DEFAULT NULL ON UPDATE current_timestamp()
) ENGINE=InnoDB DEFAULT CHARSET=utf8mb4 COLLATE=utf8mb4_general_ci;

--
-- Dumping data for table `existing_info_patients`
--

INSERT INTO `existing_info_patients` (`id`, `patient_id`, `gender`, `height`, `weight`, `blood_type`, `allergies`, `medical_history`, `current_medications`, `family_history`, `updated_at`) VALUES
(5, 73, 'Male', 5.10, 58.00, 'A+', 'Niya', 'Gikagid ang Lubot', 'Mefenamic Acid', 'yes', '2025-06-03 14:25:35'),
(7, 75, 'Female', 321.00, 123.00, 'B+', 'None', 'None', 'None', 'asdasd', '2025-05-15 23:45:29'),
(8, 76, NULL, 123.00, 321.00, 'B+', '1212 assadsad', 'dsadas', 'asdasd 21', 'dadasdsa', NULL),
(9, 77, NULL, 432.00, 123.00, 'O+', '321 qeqweq', 'Tisoy Bataa', 'dsadsa 4321', 'None of the above', NULL),
(11, 79, NULL, 321.00, 123.00, 'O-', 'asdasd', 'gafsad', 'asdasd', 'afadfasd', NULL);

-- --------------------------------------------------------

--
-- Table structure for table `patient_visits`
--

CREATE TABLE `patient_visits` (
  `id` int(11) NOT NULL,
  `patient_id` int(11) NOT NULL,
  `staff_id` int(11) NOT NULL,
  `visit_date` datetime NOT NULL,
  `visit_type` enum('checkup','consultation','emergency','followup') NOT NULL,
  `diagnosis` text DEFAULT NULL,
  `treatment` text DEFAULT NULL,
  `prescription` text DEFAULT NULL,
  `notes` text DEFAULT NULL,
  `next_visit_date` date DEFAULT NULL,
  `created_at` timestamp NOT NULL DEFAULT current_timestamp(),
  `updated_at` timestamp NOT NULL DEFAULT current_timestamp() ON UPDATE current_timestamp()
) ENGINE=InnoDB DEFAULT CHARSET=utf8mb4 COLLATE=utf8mb4_general_ci;

-- --------------------------------------------------------

--
-- Table structure for table `sitio1_announcements`
--

CREATE TABLE `sitio1_announcements` (
  `id` int(11) NOT NULL,
  `staff_id` int(11) NOT NULL,
  `title` varchar(255) NOT NULL,
  `message` text NOT NULL,
  `priority` enum('normal','medium','high') DEFAULT 'normal',
  `expiry_date` date DEFAULT NULL,
  `post_date` timestamp NOT NULL DEFAULT current_timestamp(),
  `updated_at` timestamp NULL DEFAULT NULL,
  `status` enum('active','archived','expired') DEFAULT 'active'
) ENGINE=InnoDB DEFAULT CHARSET=utf8mb4 COLLATE=utf8mb4_general_ci;

--
-- Dumping data for table `sitio1_announcements`
--

INSERT INTO `sitio1_announcements` (`id`, `staff_id`, `title`, `message`, `priority`, `expiry_date`, `post_date`, `updated_at`, `status`) VALUES
(8, 1, 'Cebu Eastern College IT 4rth Year Orientation', 'adadta', '', NULL, '2025-08-07 02:51:21', NULL, 'active'),
(9, 1, 'Cebu Eastern College IT 4rth Year Orientation', 'adadta', 'normal', NULL, '2025-08-07 02:52:02', NULL, 'active'),
(10, 1, 'Cebu Eastern College IT 4rth Year Orientation', 'adadta', '', NULL, '2025-08-07 02:52:05', NULL, 'archived');

-- --------------------------------------------------------

--
-- Table structure for table `sitio1_appointments`
--

CREATE TABLE `sitio1_appointments` (
  `id` int(11) NOT NULL,
  `staff_id` int(11) NOT NULL,
  `date` date NOT NULL,
  `start_time` time NOT NULL,
  `end_time` time NOT NULL,
  `max_slots` int(11) DEFAULT 1,
  `slots_taken` int(11) NOT NULL DEFAULT 0,
  `slots_available` int(11) NOT NULL DEFAULT 0,
  `created_at` timestamp NOT NULL DEFAULT current_timestamp(),
  `health_condition` varchar(255) DEFAULT NULL
) ;

--
-- Dumping data for table `sitio1_appointments`
--

INSERT INTO `sitio1_appointments` (`id`, `staff_id`, `date`, `start_time`, `end_time`, `max_slots`, `slots_taken`, `slots_available`, `created_at`, `health_condition`) VALUES
(46, 2, '2025-08-20', '11:00:00', '12:00:00', 5, 0, 0, '2025-08-19 22:40:14', NULL);

-- --------------------------------------------------------

--
-- Table structure for table `sitio1_consultations`
--

CREATE TABLE `sitio1_consultations` (
  `id` int(11) NOT NULL,
  `user_id` int(11) NOT NULL,
  `question` text NOT NULL,
  `response` text DEFAULT NULL,
  `responded_by` int(11) DEFAULT NULL,
  `is_custom` tinyint(1) DEFAULT 0,
  `status` enum('pending','responded') DEFAULT 'pending',
  `created_at` timestamp NOT NULL DEFAULT current_timestamp(),
  `responded_at` timestamp NULL DEFAULT NULL
) ENGINE=InnoDB DEFAULT CHARSET=utf8mb4 COLLATE=utf8mb4_general_ci;

-- --------------------------------------------------------

--
-- Table structure for table `sitio1_patients`
--

CREATE TABLE `sitio1_patients` (
  `id` int(11) NOT NULL,
  `user_id` int(11) DEFAULT NULL,
  `full_name` varchar(100) NOT NULL,
  `age` int(11) DEFAULT NULL,
  `address` text DEFAULT NULL,
  `disease` varchar(255) DEFAULT NULL,
  `contact` varchar(20) DEFAULT NULL,
  `last_checkup` date DEFAULT NULL,
  `medical_history` text DEFAULT NULL,
  `added_by` int(11) DEFAULT NULL,
  `created_at` timestamp NOT NULL DEFAULT current_timestamp(),
  `deleted_at` datetime DEFAULT NULL,
  `gender` varchar(10) DEFAULT NULL,
  `updated_at` timestamp NOT NULL DEFAULT current_timestamp() ON UPDATE current_timestamp()
) ENGINE=InnoDB DEFAULT CHARSET=utf8mb4 COLLATE=utf8mb4_general_ci;

--
-- Dumping data for table `sitio1_patients`
--

INSERT INTO `sitio1_patients` (`id`, `user_id`, `full_name`, `age`, `address`, `disease`, `contact`, `last_checkup`, `medical_history`, `added_by`, `created_at`, `deleted_at`, `gender`, `updated_at`) VALUES
(73, NULL, 'Marvin P. Pasaje', 21, 'Guadalupe Cebu, City', NULL, '0955 100 8414', '2025-05-07', NULL, 1, '2025-05-07 06:26:52', NULL, 'Male', '2025-08-17 12:24:41'),
(75, NULL, 'Lance Christine Gallardo', 24, 'Toledo, Cebu, City', NULL, '09816497664', '2025-05-09', NULL, 3, '2025-05-09 14:42:16', NULL, 'Female', '2025-05-24 03:07:34'),
(76, NULL, 'Archiel  Rosel Cabanag', 22, 'Tisa Cebu City Near Labangon', NULL, '09816497664', '0000-00-00', NULL, 3, '2025-05-18 21:30:15', NULL, 'Male', '2025-05-24 03:07:22'),
(77, NULL, 'Rosauro Steve Inigo', 22, 'Gawi, Oslob, Cebu', NULL, '09206001470', '2025-05-19', NULL, 2, '2025-05-18 21:40:02', NULL, 'Male', '2025-05-18 21:40:02'),
(79, NULL, 'Warren Miguel Miras', 22, 'Duljo Fatima, Cebu City', NULL, '09206001470', '0000-00-00', NULL, 2, '2025-05-24 14:29:08', '2025-08-10 04:40:12', 'Male', '2025-08-09 20:40:12');

-- --------------------------------------------------------

--
-- Table structure for table `sitio1_staff`
--

CREATE TABLE `sitio1_staff` (
  `id` int(11) NOT NULL,
  `username` varchar(50) NOT NULL,
  `password` varchar(255) NOT NULL,
  `full_name` varchar(100) NOT NULL,
  `position` varchar(100) DEFAULT NULL,
  `created_by` int(11) DEFAULT NULL,
  `created_at` timestamp NOT NULL DEFAULT current_timestamp(),
  `status` enum('active','inactive') DEFAULT 'active',
  `is_active` tinyint(1) DEFAULT 1,
  `work_days` varchar(20) DEFAULT '1111100' COMMENT '7-digit string (1=working, 0=off), Mon-Sun',
  `specialization` varchar(100) DEFAULT NULL
) ENGINE=InnoDB DEFAULT CHARSET=utf8mb4 COLLATE=utf8mb4_general_ci;

--
-- Dumping data for table `sitio1_staff`
--

INSERT INTO `sitio1_staff` (`id`, `username`, `password`, `full_name`, `position`, `created_by`, `created_at`, `status`, `is_active`, `work_days`, `specialization`) VALUES
(1, 'Lance', '$2y$10$61keyKT9UVY4PQIN1jD2TOLwqv2i5C0cpE82vyi4lBeajqmJg8EbS', 'Lance Christine Gallardo', 'Nurse', 1, '2025-05-01 21:25:31', 'active', 1, '1111100', NULL),
(2, 'Archiel', '$2y$10$6JkB04nXJ2E14yUo5einmusdXo1hIJdLSLgrim2w51DMh8f7T7en.', 'Archiel  Rosel Cabanag', 'Health Worker', 1, '2025-05-01 23:05:06', 'active', 1, '1111100', NULL),
(3, 'Jerecho', '$2y$10$rpOSWoHbDr1xq2lKxoms/.QlKfNSuC.rkDl343C3WYVgdVuiZ2qvK', 'Jerecho Latosa', 'Health Worker', 1, '2025-05-04 00:53:14', 'inactive', 0, '1111100', NULL),
(5, 'Arnold', '$2y$10$QQecwmqob/kZq9IDqaHrAODAE8ju9aRDUh0tmV0NS/SoktAwet46i', 'Arnold R. Cabanag', 'Doctor', 1, '2025-08-19 11:29:12', 'active', 1, '1111100', NULL);

-- --------------------------------------------------------

--
-- Table structure for table `sitio1_staff_schedule`
--

CREATE TABLE `sitio1_staff_schedule` (
  `id` int(11) NOT NULL,
  `staff_id` int(11) NOT NULL,
  `date` date NOT NULL,
  `is_working` tinyint(1) DEFAULT 0,
  `start_time` time DEFAULT '08:00:00',
  `end_time` time DEFAULT '17:00:00',
  `deleted_at` datetime DEFAULT NULL,
  `status` varchar(20) DEFAULT 'active'
) ENGINE=InnoDB DEFAULT CHARSET=utf8mb4 COLLATE=utf8mb4_general_ci;

-- --------------------------------------------------------

--
-- Table structure for table `sitio1_users`
--

CREATE TABLE `sitio1_users` (
  `id` int(11) NOT NULL,
  `username` varchar(50) NOT NULL,
  `password` varchar(255) NOT NULL,
  `email` varchar(100) NOT NULL,
  `full_name` varchar(100) NOT NULL,
  `age` int(11) DEFAULT NULL,
  `address` text DEFAULT NULL,
  `contact` varchar(20) DEFAULT NULL,
  `approved` tinyint(1) DEFAULT 0,
  `approved_by` int(11) DEFAULT NULL,
  `created_at` timestamp NOT NULL DEFAULT current_timestamp(),
  `status` enum('pending','approved','declined') DEFAULT 'pending',
  `role` varchar(20) DEFAULT 'patient',
  `updated_at` timestamp NULL DEFAULT NULL ON UPDATE current_timestamp()
) ENGINE=InnoDB DEFAULT CHARSET=utf8mb4 COLLATE=utf8mb4_general_ci;

--
-- Dumping data for table `sitio1_users`
--

INSERT INTO `sitio1_users` (`id`, `username`, `password`, `email`, `full_name`, `age`, `address`, `contact`, `approved`, `approved_by`, `created_at`, `status`, `role`, `updated_at`) VALUES
(56, 'Lance', '$2y$10$rTkYD7es/rMu.LBnWx9uN..wXfSnXg5/cqkP8a8wUGHYj7Zbziy9u', 'lancechristinegallardo2@gmail.com', 'Lance', 24, 'Upper Laguerta, Lahug Cebu City', '09816497664', 1, NULL, '2025-08-19 16:35:25', 'pending', 'patient', '2025-08-19 16:36:09'),
(57, 'Archiel', '$2y$10$PTQTLBO/E7CaqnaynR73kO0iGu6xNk43ppF3oZD7Z8Ffth/.RPE1m', 'cabanag.productojt@gmail.com', 'Archiel  Rosel Cabanag', 23, 'Gawi, Oslob, Cebu', '09816497664', 1, NULL, '2025-08-19 22:38:05', 'pending', 'patient', '2025-08-19 22:38:29');

-- --------------------------------------------------------

--
-- Table structure for table `staff_documents`
--

CREATE TABLE `staff_documents` (
  `id` int(11) NOT NULL,
  `title` varchar(255) NOT NULL,
  `description` text DEFAULT NULL,
  `file_name` varchar(255) NOT NULL,
  `file_type` varchar(50) NOT NULL,
  `file_size` int(11) NOT NULL COMMENT 'in bytes',
  `uploaded_by` int(11) NOT NULL,
  `uploaded_at` timestamp NOT NULL DEFAULT current_timestamp(),
  `is_public` tinyint(1) DEFAULT 0,
  `created_at` timestamp NOT NULL DEFAULT current_timestamp(),
  `updated_at` timestamp NOT NULL DEFAULT current_timestamp() ON UPDATE current_timestamp()
) ENGINE=InnoDB DEFAULT CHARSET=utf8mb4 COLLATE=utf8mb4_general_ci;

--
-- Dumping data for table `staff_documents`
--

INSERT INTO `staff_documents` (`id`, `title`, `description`, `file_name`, `file_type`, `file_size`, `uploaded_by`, `uploaded_at`, `is_public`, `created_at`, `updated_at`) VALUES
(7, 'Health Records - 2025-2026', 'For Keeps', '1746553255_consultations_report_2025-05-01_to_2025-05-31.csv', '', 0, 1, '2025-05-06 17:40:55', 0, '2025-05-06 17:40:55', '2025-05-06 17:40:55');

-- --------------------------------------------------------

--
-- Table structure for table `user_announcements`
--

CREATE TABLE `user_announcements` (
  `id` int(11) NOT NULL,
  `user_id` int(11) NOT NULL,
  `announcement_id` int(11) NOT NULL,
  `status` enum('accepted','dismissed') NOT NULL,
  `response_date` timestamp NULL DEFAULT NULL,
  `updated_at` timestamp NOT NULL DEFAULT current_timestamp() ON UPDATE current_timestamp()
) ENGINE=InnoDB DEFAULT CHARSET=utf8mb4 COLLATE=utf8mb4_general_ci;

--
-- Dumping data for table `user_announcements`
--

INSERT INTO `user_announcements` (`id`, `user_id`, `announcement_id`, `status`, `response_date`, `updated_at`) VALUES
(36, 27, 9, 'accepted', '2025-08-09 02:03:58', '2025-08-09 02:03:58'),
(37, 27, 8, 'accepted', '2025-08-09 02:04:00', '2025-08-09 02:04:00'),
(38, 35, 8, 'accepted', '2025-08-09 04:03:35', '2025-08-09 04:03:35'),
(39, 35, 9, 'accepted', '2025-08-09 04:03:36', '2025-08-09 04:03:36'),
(42, 28, 9, 'dismissed', '2025-08-15 16:41:59', '2025-08-15 16:41:59'),
(43, 28, 8, 'accepted', '2025-08-15 16:42:02', '2025-08-15 16:42:02'),
(45, 41, 9, 'dismissed', '2025-08-16 15:49:12', '2025-08-16 15:49:12'),
(46, 41, 8, 'accepted', '2025-08-16 17:26:15', '2025-08-16 17:26:15');

-- --------------------------------------------------------

--
-- Table structure for table `user_appointments`
--

CREATE TABLE `user_appointments` (
  `id` int(11) NOT NULL,
  `user_id` int(11) NOT NULL,
  `service_id` int(11) DEFAULT NULL,
  `appointment_id` int(11) NOT NULL,
  `status` enum('pending','approved','completed','rejected') DEFAULT 'pending',
  `notes` text DEFAULT NULL,
  `health_condition` varchar(255) DEFAULT NULL,
  `created_at` timestamp NOT NULL DEFAULT current_timestamp(),
  `rejection_reason` text DEFAULT NULL,
  `cancel_reason` text DEFAULT NULL,
  `cancelled_at` datetime DEFAULT NULL,
  `service_type` enum('General Checkup','Vaccination','Dental','Blood Test') DEFAULT 'General Checkup',
  `processed_at` timestamp NULL DEFAULT NULL COMMENT 'Timestamp when appointment was processed (approved/rejected/completed)'
) ENGINE=InnoDB DEFAULT CHARSET=utf8mb4 COLLATE=utf8mb4_general_ci;

--
-- Dumping data for table `user_appointments`
--

INSERT INTO `user_appointments` (`id`, `user_id`, `service_id`, `appointment_id`, `status`, `notes`, `health_condition`, `created_at`, `rejection_reason`, `cancel_reason`, `cancelled_at`, `service_type`, `processed_at`) VALUES
(91, 57, NULL, 46, 'pending', 'asdadad', NULL, '2025-08-19 22:40:52', NULL, NULL, NULL, 'General Checkup', NULL);

--
-- Indexes for dumped tables
--

--
-- Indexes for table `admin`
--
ALTER TABLE `admin`
  ADD PRIMARY KEY (`id`),
  ADD UNIQUE KEY `username` (`username`);

--
-- Indexes for table `audit_logs`
--
ALTER TABLE `audit_logs`
  ADD PRIMARY KEY (`id`);

--
-- Indexes for table `existing_info_patients`
--
ALTER TABLE `existing_info_patients`
  ADD PRIMARY KEY (`id`),
  ADD KEY `patient_id` (`patient_id`);

--
-- Indexes for table `patient_visits`
--
ALTER TABLE `patient_visits`
  ADD PRIMARY KEY (`id`),
  ADD KEY `patient_id` (`patient_id`),
  ADD KEY `staff_id` (`staff_id`);

--
-- Indexes for table `sitio1_announcements`
--
ALTER TABLE `sitio1_announcements`
  ADD PRIMARY KEY (`id`),
  ADD KEY `staff_id` (`staff_id`);

--
-- Indexes for table `sitio1_appointments`
--
ALTER TABLE `sitio1_appointments`
  ADD PRIMARY KEY (`id`),
  ADD KEY `staff_id` (`staff_id`);

--
-- Indexes for table `sitio1_consultations`
--
ALTER TABLE `sitio1_consultations`
  ADD PRIMARY KEY (`id`),
  ADD KEY `responded_by` (`responded_by`),
  ADD KEY `sitio1_consultations_ibfk_1` (`user_id`);

--
-- Indexes for table `sitio1_patients`
--
ALTER TABLE `sitio1_patients`
  ADD PRIMARY KEY (`id`),
  ADD KEY `user_id` (`user_id`),
  ADD KEY `added_by` (`added_by`);

--
-- Indexes for table `sitio1_staff`
--
ALTER TABLE `sitio1_staff`
  ADD PRIMARY KEY (`id`),
  ADD UNIQUE KEY `username` (`username`),
  ADD KEY `created_by` (`created_by`);

--
-- Indexes for table `sitio1_staff_schedule`
--
ALTER TABLE `sitio1_staff_schedule`
  ADD PRIMARY KEY (`id`),
  ADD UNIQUE KEY `unique_staff_date` (`staff_id`,`date`);

--
-- Indexes for table `sitio1_users`
--
ALTER TABLE `sitio1_users`
  ADD PRIMARY KEY (`id`),
  ADD UNIQUE KEY `username` (`username`),
  ADD UNIQUE KEY `email_UNIQUE` (`email`),
  ADD KEY `approved_by` (`approved_by`);

--
-- Indexes for table `staff_documents`
--
ALTER TABLE `staff_documents`
  ADD PRIMARY KEY (`id`),
  ADD KEY `uploaded_by` (`uploaded_by`);

--
-- Indexes for table `user_announcements`
--
ALTER TABLE `user_announcements`
  ADD PRIMARY KEY (`id`),
  ADD UNIQUE KEY `unique_user_announcement` (`user_id`,`announcement_id`),
  ADD KEY `user_announcements_ibfk_2` (`announcement_id`);

--
-- Indexes for table `user_appointments`
--
ALTER TABLE `user_appointments`
  ADD PRIMARY KEY (`id`),
  ADD KEY `appointment_id` (`appointment_id`),
  ADD KEY `user_appointments_ibfk_1` (`user_id`);

--
-- AUTO_INCREMENT for dumped tables
--

--
-- AUTO_INCREMENT for table `admin`
--
ALTER TABLE `admin`
  MODIFY `id` int(11) NOT NULL AUTO_INCREMENT, AUTO_INCREMENT=3;

--
-- AUTO_INCREMENT for table `audit_logs`
--
ALTER TABLE `audit_logs`
  MODIFY `id` int(11) NOT NULL AUTO_INCREMENT, AUTO_INCREMENT=2;

--
-- AUTO_INCREMENT for table `existing_info_patients`
--
ALTER TABLE `existing_info_patients`
  MODIFY `id` int(11) NOT NULL AUTO_INCREMENT, AUTO_INCREMENT=13;

--
-- AUTO_INCREMENT for table `patient_visits`
--
ALTER TABLE `patient_visits`
  MODIFY `id` int(11) NOT NULL AUTO_INCREMENT, AUTO_INCREMENT=3;

--
-- AUTO_INCREMENT for table `sitio1_announcements`
--
ALTER TABLE `sitio1_announcements`
  MODIFY `id` int(11) NOT NULL AUTO_INCREMENT, AUTO_INCREMENT=11;

--
-- AUTO_INCREMENT for table `sitio1_appointments`
--
ALTER TABLE `sitio1_appointments`
  MODIFY `id` int(11) NOT NULL AUTO_INCREMENT;

--
-- AUTO_INCREMENT for table `sitio1_consultations`
--
ALTER TABLE `sitio1_consultations`
  MODIFY `id` int(11) NOT NULL AUTO_INCREMENT, AUTO_INCREMENT=17;

--
-- AUTO_INCREMENT for table `sitio1_patients`
--
ALTER TABLE `sitio1_patients`
  MODIFY `id` int(11) NOT NULL AUTO_INCREMENT, AUTO_INCREMENT=81;

--
-- AUTO_INCREMENT for table `sitio1_staff`
--
ALTER TABLE `sitio1_staff`
  MODIFY `id` int(11) NOT NULL AUTO_INCREMENT, AUTO_INCREMENT=6;

--
-- AUTO_INCREMENT for table `sitio1_staff_schedule`
--
ALTER TABLE `sitio1_staff_schedule`
  MODIFY `id` int(11) NOT NULL AUTO_INCREMENT, AUTO_INCREMENT=28;

--
-- AUTO_INCREMENT for table `sitio1_users`
--
ALTER TABLE `sitio1_users`
  MODIFY `id` int(11) NOT NULL AUTO_INCREMENT, AUTO_INCREMENT=58;

--
-- AUTO_INCREMENT for table `staff_documents`
--
ALTER TABLE `staff_documents`
  MODIFY `id` int(11) NOT NULL AUTO_INCREMENT, AUTO_INCREMENT=8;

--
-- AUTO_INCREMENT for table `user_announcements`
--
ALTER TABLE `user_announcements`
  MODIFY `id` int(11) NOT NULL AUTO_INCREMENT, AUTO_INCREMENT=47;

--
-- AUTO_INCREMENT for table `user_appointments`
--
ALTER TABLE `user_appointments`
  MODIFY `id` int(11) NOT NULL AUTO_INCREMENT, AUTO_INCREMENT=92;

--
-- Constraints for dumped tables
--

--
-- Constraints for table `existing_info_patients`
--
ALTER TABLE `existing_info_patients`
  ADD CONSTRAINT `existing_info_patients_ibfk_1` FOREIGN KEY (`patient_id`) REFERENCES `sitio1_patients` (`id`) ON DELETE CASCADE;

--
-- Constraints for table `patient_visits`
--
ALTER TABLE `patient_visits`
  ADD CONSTRAINT `patient_visits_ibfk_1` FOREIGN KEY (`patient_id`) REFERENCES `sitio1_patients` (`id`) ON DELETE CASCADE,
  ADD CONSTRAINT `patient_visits_ibfk_2` FOREIGN KEY (`staff_id`) REFERENCES `sitio1_staff` (`id`) ON DELETE CASCADE;

--
-- Constraints for table `sitio1_announcements`
--
ALTER TABLE `sitio1_announcements`
  ADD CONSTRAINT `sitio1_announcements_ibfk_1` FOREIGN KEY (`staff_id`) REFERENCES `sitio1_staff` (`id`);

--
-- Constraints for table `sitio1_appointments`
--
ALTER TABLE `sitio1_appointments`
  ADD CONSTRAINT `sitio1_appointments_ibfk_1` FOREIGN KEY (`staff_id`) REFERENCES `sitio1_staff` (`id`);

--
-- Constraints for table `sitio1_consultations`
--
ALTER TABLE `sitio1_consultations`
  ADD CONSTRAINT `sitio1_consultations_ibfk_2` FOREIGN KEY (`responded_by`) REFERENCES `sitio1_staff` (`id`);

--
-- Constraints for table `sitio1_patients`
--
ALTER TABLE `sitio1_patients`
  ADD CONSTRAINT `sitio1_patients_ibfk_1` FOREIGN KEY (`user_id`) REFERENCES `sitio1_users` (`id`),
  ADD CONSTRAINT `sitio1_patients_ibfk_2` FOREIGN KEY (`added_by`) REFERENCES `sitio1_staff` (`id`);

--
-- Constraints for table `sitio1_staff`
--
ALTER TABLE `sitio1_staff`
  ADD CONSTRAINT `sitio1_staff_ibfk_1` FOREIGN KEY (`created_by`) REFERENCES `admin` (`id`);

--
-- Constraints for table `sitio1_staff_schedule`
--
ALTER TABLE `sitio1_staff_schedule`
  ADD CONSTRAINT `sitio1_staff_schedule_ibfk_1` FOREIGN KEY (`staff_id`) REFERENCES `sitio1_staff` (`id`);

--
-- Constraints for table `sitio1_users`
--
ALTER TABLE `sitio1_users`
  ADD CONSTRAINT `sitio1_users_ibfk_1` FOREIGN KEY (`approved_by`) REFERENCES `sitio1_staff` (`id`);

--
-- Constraints for table `staff_documents`
--
ALTER TABLE `staff_documents`
  ADD CONSTRAINT `staff_documents_ibfk_1` FOREIGN KEY (`uploaded_by`) REFERENCES `admin` (`id`) ON DELETE CASCADE;

--
-- Constraints for table `user_announcements`
--
ALTER TABLE `user_announcements`
  ADD CONSTRAINT `user_announcements_ibfk_2` FOREIGN KEY (`announcement_id`) REFERENCES `sitio1_announcements` (`id`) ON DELETE CASCADE;

--
-- Constraints for table `user_appointments`
--
ALTER TABLE `user_appointments`
  ADD CONSTRAINT `user_appointments_ibfk_1` FOREIGN KEY (`user_id`) REFERENCES `sitio1_users` (`id`) ON DELETE CASCADE,
  ADD CONSTRAINT `user_appointments_ibfk_2` FOREIGN KEY (`appointment_id`) REFERENCES `sitio1_appointments` (`id`);
COMMIT;

/*!40101 SET CHARACTER_SET_CLIENT=@OLD_CHARACTER_SET_CLIENT */;
/*!40101 SET CHARACTER_SET_RESULTS=@OLD_CHARACTER_SET_RESULTS */;
/*!40101 SET COLLATION_CONNECTION=@OLD_COLLATION_CONNECTION */;
