-- phpMyAdmin SQL Dump
-- version 5.2.1
-- https://www.phpmyadmin.net/
--
-- Host: 127.0.0.1
-- Generation Time: Aug 28, 2025 at 10:39 AM
-- Server version: 10.4.32-MariaDB
-- PHP Version: 8.0.30

SET SQL_MODE = "NO_AUTO_VALUE_ON_ZERO";
START TRANSACTION;
SET time_zone = "+00:00";


/*!40101 SET @OLD_CHARACTER_SET_CLIENT=@@CHARACTER_SET_CLIENT */;
/*!40101 SET @OLD_CHARACTER_SET_RESULTS=@@CHARACTER_SET_RESULTS */;
/*!40101 SET @OLD_COLLATION_CONNECTION=@@COLLATION_CONNECTION */;
/*!40101 SET NAMES utf8mb4 */;

--
-- Database: `healthpatient`
--

-- --------------------------------------------------------

--
-- Table structure for table `admin`
--

CREATE TABLE `admin` (
  `id` int(11) NOT NULL,
  `username` varchar(50) NOT NULL,
  `password` varchar(255) NOT NULL,
  `full_name` varchar(100) NOT NULL,
  `created_at` timestamp NOT NULL DEFAULT current_timestamp()
) ENGINE=InnoDB DEFAULT CHARSET=utf8mb4 COLLATE=utf8mb4_general_ci;

--
-- Dumping data for table `admin`
--

INSERT INTO `admin` (`id`, `username`, `password`, `full_name`, `created_at`) VALUES
(1, 'admin', '$2y$10$ZnTO45cy54Fi30sQ.04qPehw./Z7YAxrirQWR.qE3b/RLcpivKaTm', 'System Administrator', '2025-05-01 21:20:54');

-- --------------------------------------------------------

--
-- Table structure for table `audit_logs`
--

CREATE TABLE `audit_logs` (
  `id` int(11) NOT NULL,
  `user_id` int(11) DEFAULT NULL,
  `user_type` enum('admin','staff','user') NOT NULL,
  `action` varchar(255) NOT NULL,
  `table_affected` varchar(50) DEFAULT NULL,
  `record_id` int(11) DEFAULT NULL,
  `old_values` longtext CHARACTER SET utf8mb4 COLLATE utf8mb4_bin DEFAULT NULL CHECK (json_valid(`old_values`)),
  `new_values` longtext CHARACTER SET utf8mb4 COLLATE utf8mb4_bin DEFAULT NULL CHECK (json_valid(`new_values`)),
  `ip_address` varchar(45) DEFAULT NULL,
  `user_agent` text DEFAULT NULL,
  `created_at` timestamp NOT NULL DEFAULT current_timestamp()
) ENGINE=InnoDB DEFAULT CHARSET=utf8mb4 COLLATE=utf8mb4_general_ci;

--
-- Dumping data for table `audit_logs`
--

INSERT INTO `audit_logs` (`id`, `user_id`, `user_type`, `action`, `table_affected`, `record_id`, `old_values`, `new_values`, `ip_address`, `user_agent`, `created_at`) VALUES
(1, 2, 'staff', 'create patient', 'sitio1_patients', 10, NULL, NULL, '::1', NULL, '2025-05-04 01:40:46');

-- --------------------------------------------------------

--
-- Table structure for table `deleted_patients`
--

CREATE TABLE `deleted_patients` (
  `id` int(11) NOT NULL,
  `original_id` int(11) NOT NULL,
  `full_name` varchar(100) NOT NULL,
  `age` int(11) DEFAULT NULL,
  `gender` varchar(10) DEFAULT NULL,
  `address` text DEFAULT NULL,
  `contact` varchar(20) DEFAULT NULL,
  `last_checkup` date DEFAULT NULL,
  `added_by` int(11) DEFAULT NULL,
  `deleted_at` timestamp NOT NULL DEFAULT current_timestamp(),
  `deleted_by` int(11) DEFAULT NULL
) ENGINE=InnoDB DEFAULT CHARSET=utf8mb4 COLLATE=utf8mb4_general_ci;

-- --------------------------------------------------------

--
-- Table structure for table `existing_info_patients`
--

CREATE TABLE `existing_info_patients` (
  `id` int(11) NOT NULL,
  `patient_id` int(11) NOT NULL,
  `gender` varchar(10) DEFAULT NULL,
  `height` decimal(5,2) DEFAULT NULL,
  `weight` decimal(5,2) DEFAULT NULL,
  `blood_type` varchar(3) DEFAULT NULL,
  `allergies` text DEFAULT NULL,
  `medical_history` text DEFAULT NULL,
  `current_medications` text DEFAULT NULL,
  `family_history` text DEFAULT NULL,
  `updated_at` timestamp NULL DEFAULT NULL ON UPDATE current_timestamp()
) ENGINE=InnoDB DEFAULT CHARSET=utf8mb4 COLLATE=utf8mb4_general_ci;

--
-- Dumping data for table `existing_info_patients`
--

INSERT INTO `existing_info_patients` (`id`, `patient_id`, `gender`, `height`, `weight`, `blood_type`, `allergies`, `medical_history`, `current_medications`, `family_history`, `updated_at`) VALUES
(27, 89, 'Male', 12.65, 4.65, 'O+', 'None', 'None', 'None', 'None', '2025-08-28 01:43:17'),
(28, 91, 'Male', 43.45, 45.65, 'AB+', 'None', 'None', 'None', 'None', '2025-08-28 01:47:00'),
(29, 92, NULL, NULL, NULL, NULL, NULL, NULL, NULL, NULL, NULL);

-- --------------------------------------------------------

--
-- Table structure for table `patient_visits`
--

CREATE TABLE `patient_visits` (
  `id` int(11) NOT NULL,
  `patient_id` int(11) NOT NULL,
  `staff_id` int(11) NOT NULL,
  `visit_date` datetime NOT NULL,
  `visit_type` enum('checkup','consultation','emergency','followup') NOT NULL,
  `diagnosis` text DEFAULT NULL,
  `treatment` text DEFAULT NULL,
  `prescription` text DEFAULT NULL,
  `notes` text DEFAULT NULL,
  `next_visit_date` date DEFAULT NULL,
  `created_at` timestamp NOT NULL DEFAULT current_timestamp(),
  `updated_at` timestamp NOT NULL DEFAULT current_timestamp() ON UPDATE current_timestamp()
) ENGINE=InnoDB DEFAULT CHARSET=utf8mb4 COLLATE=utf8mb4_general_ci;

-- --------------------------------------------------------

--
-- Table structure for table `sitio1_announcements`
--

CREATE TABLE `sitio1_announcements` (
  `id` int(11) NOT NULL,
  `staff_id` int(11) NOT NULL,
  `title` varchar(255) NOT NULL,
  `message` text NOT NULL,
  `priority` enum('normal','medium','high') DEFAULT 'normal',
  `expiry_date` date DEFAULT NULL,
  `post_date` timestamp NOT NULL DEFAULT current_timestamp(),
  `updated_at` timestamp NULL DEFAULT NULL,
  `status` enum('active','archived','expired') DEFAULT 'active'
) ENGINE=InnoDB DEFAULT CHARSET=utf8mb4 COLLATE=utf8mb4_general_ci;

--
-- Dumping data for table `sitio1_announcements`
--

INSERT INTO `sitio1_announcements` (`id`, `staff_id`, `title`, `message`, `priority`, `expiry_date`, `post_date`, `updated_at`, `status`) VALUES
(8, 1, 'Cebu Eastern College IT 4rth Year Orientation', 'adadta', '', NULL, '2025-08-07 02:51:21', NULL, 'active'),
(9, 1, 'Cebu Eastern College IT 4rth Year Orientation', 'adadta', 'normal', NULL, '2025-08-07 02:52:02', NULL, 'active'),
(10, 1, 'Cebu Eastern College IT 4rth Year Orientation', 'adadta', '', NULL, '2025-08-07 02:52:05', NULL, 'archived');

-- --------------------------------------------------------

--
-- Table structure for table `sitio1_appointments`
--

CREATE TABLE `sitio1_appointments` (
  `id` int(11) NOT NULL,
  `staff_id` int(11) NOT NULL,
  `date` date NOT NULL,
  `start_time` time NOT NULL,
  `end_time` time NOT NULL,
  `max_slots` int(11) DEFAULT 1,
  `slots_taken` int(11) NOT NULL DEFAULT 0,
  `slots_available` int(11) NOT NULL DEFAULT 0,
  `created_at` timestamp NOT NULL DEFAULT current_timestamp(),
  `health_condition` varchar(255) DEFAULT NULL,
  `service_id` int(11) DEFAULT NULL,
  `service_type` enum('General Checkup','Vaccination','Dental','Blood Test') DEFAULT 'General Checkup'
) ENGINE=InnoDB DEFAULT CHARSET=utf8mb4 COLLATE=utf8mb4_general_ci;

--
-- Dumping data for table `sitio1_appointments`
--

INSERT INTO `sitio1_appointments` (`id`, `staff_id`, `date`, `start_time`, `end_time`, `max_slots`, `slots_taken`, `slots_available`, `created_at`, `health_condition`, `service_id`, `service_type`) VALUES
(50, 2, '2025-08-23', '08:00:00', '09:00:00', 3, 0, 0, '2025-08-22 13:55:05', NULL, NULL, 'General Checkup'),
(51, 2, '2025-08-25', '14:00:00', '15:00:00', 4, 0, 0, '2025-08-25 00:20:33', NULL, NULL, 'General Checkup'),
(52, 3, '2025-08-26', '10:00:00', '11:00:00', 2, 0, 0, '2025-08-25 06:00:59', NULL, NULL, 'General Checkup'),
(53, 2, '2025-09-05', '10:00:00', '11:00:00', 4, 0, 0, '2025-08-25 22:22:10', NULL, NULL, 'General Checkup');

-- --------------------------------------------------------

--
-- Table structure for table `sitio1_consultations`
--

CREATE TABLE `sitio1_consultations` (
  `id` int(11) NOT NULL,
  `user_id` int(11) NOT NULL,
  `question` text NOT NULL,
  `response` text DEFAULT NULL,
  `responded_by` int(11) DEFAULT NULL,
  `is_custom` tinyint(1) DEFAULT 0,
  `status` enum('pending','responded') DEFAULT 'pending',
  `created_at` timestamp NOT NULL DEFAULT current_timestamp(),
  `responded_at` timestamp NULL DEFAULT NULL
) ENGINE=InnoDB DEFAULT CHARSET=utf8mb4 COLLATE=utf8mb4_general_ci;

-- --------------------------------------------------------

--
-- Table structure for table `sitio1_patients`
--

CREATE TABLE `sitio1_patients` (
  `id` int(11) NOT NULL,
  `user_id` int(11) DEFAULT NULL,
  `full_name` varchar(100) NOT NULL,
  `age` int(11) DEFAULT NULL,
  `address` text DEFAULT NULL,
  `disease` varchar(255) DEFAULT NULL,
  `contact` varchar(20) DEFAULT NULL,
  `last_checkup` date DEFAULT NULL,
  `medical_history` text DEFAULT NULL,
  `added_by` int(11) DEFAULT NULL,
  `created_at` timestamp NOT NULL DEFAULT current_timestamp(),
  `deleted_at` datetime DEFAULT NULL,
  `gender` varchar(10) DEFAULT NULL,
  `updated_at` timestamp NOT NULL DEFAULT current_timestamp() ON UPDATE current_timestamp(),
  `consultation_type` varchar(20) DEFAULT 'onsite'
) ENGINE=InnoDB DEFAULT CHARSET=utf8mb4 COLLATE=utf8mb4_general_ci;

--
-- Dumping data for table `sitio1_patients`
--

INSERT INTO `sitio1_patients` (`id`, `user_id`, `full_name`, `age`, `address`, `disease`, `contact`, `last_checkup`, `medical_history`, `added_by`, `created_at`, `deleted_at`, `gender`, `updated_at`, `consultation_type`) VALUES
(89, NULL, 'Russel Evan Loquinario', 24, 'Labangon, Cebu City', NULL, '', '2025-08-27', NULL, 2, '2025-08-27 23:26:53', NULL, 'Male', '2025-08-27 23:26:53', 'onsite'),
(91, 62, 'Melvin', 21, 'Tisa Cebu City Near Labangon', NULL, '09816497664', NULL, NULL, 2, '2025-08-28 01:44:13', NULL, NULL, '2025-08-28 01:44:13', 'onsite'),
(92, 63, 'Warren Miguel Miras', 23, 'Duljo Fatima, Cebu City', NULL, '09206001470', NULL, NULL, 2, '2025-08-28 01:52:14', NULL, NULL, '2025-08-28 01:52:14', 'onsite');

-- --------------------------------------------------------

--
-- Table structure for table `sitio1_staff`
--

CREATE TABLE `sitio1_staff` (
  `id` int(11) NOT NULL,
  `username` varchar(50) NOT NULL,
  `password` varchar(255) NOT NULL,
  `full_name` varchar(100) NOT NULL,
  `position` varchar(100) DEFAULT NULL,
  `created_by` int(11) DEFAULT NULL,
  `created_at` timestamp NOT NULL DEFAULT current_timestamp(),
  `status` enum('active','inactive') DEFAULT 'active',
  `is_active` tinyint(1) DEFAULT 1,
  `work_days` varchar(20) DEFAULT '1111100' COMMENT '7-digit string (1=working, 0=off), Mon-Sun',
  `specialization` varchar(100) DEFAULT NULL
) ENGINE=InnoDB DEFAULT CHARSET=utf8mb4 COLLATE=utf8mb4_general_ci;

--
-- Dumping data for table `sitio1_staff`
--

INSERT INTO `sitio1_staff` (`id`, `username`, `password`, `full_name`, `position`, `created_by`, `created_at`, `status`, `is_active`, `work_days`, `specialization`) VALUES
(1, 'Lance', '$2y$10$61keyKT9UVY4PQIN1jD2TOLwqv2i5C0cpE82vyi4lBeajqmJg8EbS', 'Lance Christine Gallardo', 'Nurse', 1, '2025-05-01 21:25:31', 'inactive', 0, '1111100', NULL),
(2, 'Archiel', '$2y$10$6JkB04nXJ2E14yUo5einmusdXo1hIJdLSLgrim2w51DMh8f7T7en.', 'Archiel  Rosel Cabanag', 'Health Worker', 1, '2025-05-01 23:05:06', 'active', 1, '1111100', NULL),
(3, 'Jerecho', '$2y$10$rpOSWoHbDr1xq2lKxoms/.QlKfNSuC.rkDl343C3WYVgdVuiZ2qvK', 'Jerecho Latosa', 'Health Worker', 1, '2025-05-04 00:53:14', 'inactive', 0, '1111100', NULL),
(5, 'Arnold', '$2y$10$QQecwmqob/kZq9IDqaHrAODAE8ju9aRDUh0tmV0NS/SoktAwet46i', 'Arnold R. Cabanag', 'Doctor', 1, '2025-08-19 11:29:12', 'inactive', 0, '1111100', NULL);

-- --------------------------------------------------------

--
-- Table structure for table `sitio1_staff_schedule`
--

CREATE TABLE `sitio1_staff_schedule` (
  `id` int(11) NOT NULL,
  `staff_id` int(11) NOT NULL,
  `date` date NOT NULL,
  `is_working` tinyint(1) DEFAULT 0,
  `start_time` time DEFAULT '08:00:00',
  `end_time` time DEFAULT '17:00:00',
  `deleted_at` datetime DEFAULT NULL,
  `status` varchar(20) DEFAULT 'active'
) ENGINE=InnoDB DEFAULT CHARSET=utf8mb4 COLLATE=utf8mb4_general_ci;

--
-- Dumping data for table `sitio1_staff_schedule`
--

INSERT INTO `sitio1_staff_schedule` (`id`, `staff_id`, `date`, `is_working`, `start_time`, `end_time`, `deleted_at`, `status`) VALUES
(28, 2, '2025-08-21', 0, '08:00:00', '17:00:00', NULL, 'active');

-- --------------------------------------------------------

--
-- Table structure for table `sitio1_users`
--

CREATE TABLE `sitio1_users` (
  `id` int(11) NOT NULL,
  `username` varchar(50) NOT NULL,
  `password` varchar(255) NOT NULL,
  `email` varchar(100) NOT NULL,
  `full_name` varchar(100) NOT NULL,
  `age` int(11) DEFAULT NULL,
  `address` text DEFAULT NULL,
  `contact` varchar(20) DEFAULT NULL,
  `approved` tinyint(1) DEFAULT 0,
  `approved_by` int(11) DEFAULT NULL,
  `unique_number` varchar(20) DEFAULT NULL,
  `created_at` timestamp NOT NULL DEFAULT current_timestamp(),
  `status` enum('pending','approved','declined') DEFAULT 'pending',
  `role` varchar(20) DEFAULT 'patient',
  `specialization` varchar(255) DEFAULT NULL,
  `license_number` varchar(100) DEFAULT NULL,
  `updated_at` timestamp NULL DEFAULT NULL ON UPDATE current_timestamp()
) ENGINE=InnoDB DEFAULT CHARSET=utf8mb4 COLLATE=utf8mb4_general_ci;

--
-- Dumping data for table `sitio1_users`
--

INSERT INTO `sitio1_users` (`id`, `username`, `password`, `email`, `full_name`, `age`, `address`, `contact`, `approved`, `approved_by`, `unique_number`, `created_at`, `status`, `role`, `specialization`, `license_number`, `updated_at`) VALUES
(62, 'Melvin', '$2y$10$rD9ZEaRgRvMK5N7XXioYwuPSfO5U1rZNCdAvv6HQGpyraJrau0zEa', 'melvinpanfilo@gmail.com', 'Melvin', 21, 'Tisa Cebu City Near Labangon', '09816497664', 1, NULL, 'CHT870881', '2025-08-27 22:08:41', 'approved', 'patient', NULL, NULL, '2025-08-27 22:09:14'),
(63, 'Warren', '$2y$10$Arv1LfFMGulBfehNFTau2eCWqPNaaqHGan.oy4lFXEhcWrC5qZlU.', 'warrenmiguel789@gmail.com', 'Warren Miguel Miras', 23, 'Duljo Fatima, Cebu City', '09206001470', 1, NULL, 'CHT807753', '2025-08-28 01:49:22', 'approved', 'patient', NULL, NULL, '2025-08-28 01:50:19');

-- --------------------------------------------------------

--
-- Table structure for table `staff_documents`
--

CREATE TABLE `staff_documents` (
  `id` int(11) NOT NULL,
  `title` varchar(255) NOT NULL,
  `description` text DEFAULT NULL,
  `file_name` varchar(255) NOT NULL,
  `file_type` varchar(50) NOT NULL,
  `file_size` int(11) NOT NULL COMMENT 'in bytes',
  `uploaded_by` int(11) NOT NULL,
  `uploaded_at` timestamp NOT NULL DEFAULT current_timestamp(),
  `is_public` tinyint(1) DEFAULT 0,
  `created_at` timestamp NOT NULL DEFAULT current_timestamp(),
  `updated_at` timestamp NOT NULL DEFAULT current_timestamp() ON UPDATE current_timestamp()
) ENGINE=InnoDB DEFAULT CHARSET=utf8mb4 COLLATE=utf8mb4_general_ci;

--
-- Dumping data for table `staff_documents`
--

INSERT INTO `staff_documents` (`id`, `title`, `description`, `file_name`, `file_type`, `file_size`, `uploaded_by`, `uploaded_at`, `is_public`, `created_at`, `updated_at`) VALUES
(7, 'Health Records - 2025-2026', 'For Keeps', '1746553255_consultations_report_2025-05-01_to_2025-05-31.csv', '', 0, 1, '2025-05-06 17:40:55', 0, '2025-05-06 17:40:55', '2025-05-06 17:40:55');

-- --------------------------------------------------------

--
-- Table structure for table `user_announcements`
--

CREATE TABLE `user_announcements` (
  `id` int(11) NOT NULL,
  `user_id` int(11) NOT NULL,
  `announcement_id` int(11) NOT NULL,
  `status` enum('accepted','dismissed') NOT NULL,
  `response_date` timestamp NULL DEFAULT NULL,
  `updated_at` timestamp NOT NULL DEFAULT current_timestamp() ON UPDATE current_timestamp()
) ENGINE=InnoDB DEFAULT CHARSET=utf8mb4 COLLATE=utf8mb4_general_ci;

--
-- Dumping data for table `user_announcements`
--

INSERT INTO `user_announcements` (`id`, `user_id`, `announcement_id`, `status`, `response_date`, `updated_at`) VALUES
(36, 27, 9, 'accepted', '2025-08-09 02:03:58', '2025-08-09 02:03:58'),
(37, 27, 8, 'accepted', '2025-08-09 02:04:00', '2025-08-09 02:04:00'),
(38, 35, 8, 'accepted', '2025-08-09 04:03:35', '2025-08-09 04:03:35'),
(39, 35, 9, 'accepted', '2025-08-09 04:03:36', '2025-08-09 04:03:36'),
(42, 28, 9, 'dismissed', '2025-08-15 16:41:59', '2025-08-15 16:41:59'),
(43, 28, 8, 'accepted', '2025-08-15 16:42:02', '2025-08-15 16:42:02'),
(45, 41, 9, 'dismissed', '2025-08-16 15:49:12', '2025-08-16 15:49:12'),
(46, 41, 8, 'accepted', '2025-08-16 17:26:15', '2025-08-16 17:26:15');

-- --------------------------------------------------------

--
-- Table structure for table `user_appointments`
--

CREATE TABLE `user_appointments` (
  `id` int(11) NOT NULL,
  `user_id` int(11) NOT NULL,
  `service_id` int(11) DEFAULT NULL,
  `appointment_id` int(11) NOT NULL,
  `status` enum('pending','approved','completed','rejected','cancelled') DEFAULT 'pending',
  `notes` text DEFAULT NULL,
  `created_at` timestamp NOT NULL DEFAULT current_timestamp(),
  `rejection_reason` text DEFAULT NULL,
  `cancel_reason` text DEFAULT NULL,
  `cancelled_at` datetime DEFAULT NULL,
  `service_type` enum('General Checkup','Vaccination','Dental','Blood Test') DEFAULT 'General Checkup',
  `processed_at` timestamp NULL DEFAULT NULL COMMENT 'Timestamp when appointment was processed (approved/rejected/completed)'
) ENGINE=InnoDB DEFAULT CHARSET=utf8mb4 COLLATE=utf8mb4_general_ci;

--
-- Dumping data for table `user_appointments`
--

INSERT INTO `user_appointments` (`id`, `user_id`, `service_id`, `appointment_id`, `status`, `notes`, `created_at`, `rejection_reason`, `cancel_reason`, `cancelled_at`, `service_type`, `processed_at`) VALUES
(36, 59, NULL, 52, 'pending', 'asdsagadas', '2025-08-25 12:19:34', NULL, NULL, NULL, 'General Checkup', NULL),
(37, 59, NULL, 51, 'approved', 'asda', '2025-08-25 13:41:22', NULL, NULL, NULL, 'General Checkup', '2025-08-25 22:04:17'),
(38, 59, NULL, 53, 'approved', 'asdsa', '2025-08-25 22:22:22', NULL, NULL, NULL, 'General Checkup', '2025-08-27 21:47:34'),
(39, 62, NULL, 53, 'completed', 'Hello Test', '2025-08-27 22:10:26', '', NULL, NULL, 'General Checkup', '2025-08-27 22:10:51'),
(40, 63, NULL, 53, 'approved', 'asdsa', '2025-08-28 01:51:10', NULL, NULL, NULL, 'General Checkup', '2025-08-28 01:51:42'),
(41, 62, NULL, 53, 'approved', 'asda', '2025-08-28 02:01:55', NULL, NULL, NULL, 'General Checkup', '2025-08-28 02:02:34');

--
-- Indexes for dumped tables
--

--
-- Indexes for table `admin`
--
ALTER TABLE `admin`
  ADD PRIMARY KEY (`id`),
  ADD UNIQUE KEY `username` (`username`);

--
-- Indexes for table `audit_logs`
--
ALTER TABLE `audit_logs`
  ADD PRIMARY KEY (`id`);

--
-- Indexes for table `deleted_patients`
--
ALTER TABLE `deleted_patients`
  ADD PRIMARY KEY (`id`);

--
-- Indexes for table `existing_info_patients`
--
ALTER TABLE `existing_info_patients`
  ADD PRIMARY KEY (`id`),
  ADD KEY `patient_id` (`patient_id`);

--
-- Indexes for table `patient_visits`
--
ALTER TABLE `patient_visits`
  ADD PRIMARY KEY (`id`),
  ADD KEY `patient_id` (`patient_id`),
  ADD KEY `staff_id` (`staff_id`);

--
-- Indexes for table `sitio1_announcements`
--
ALTER TABLE `sitio1_announcements`
  ADD PRIMARY KEY (`id`),
  ADD KEY `staff_id` (`staff_id`);

--
-- Indexes for table `sitio1_appointments`
--
ALTER TABLE `sitio1_appointments`
  ADD PRIMARY KEY (`id`),
  ADD KEY `staff_id` (`staff_id`);

--
-- Indexes for table `sitio1_consultations`
--
ALTER TABLE `sitio1_consultations`
  ADD PRIMARY KEY (`id`),
  ADD KEY `responded_by` (`responded_by`),
  ADD KEY `sitio1_consultations_ibfk_1` (`user_id`);

--
-- Indexes for table `sitio1_patients`
--
ALTER TABLE `sitio1_patients`
  ADD PRIMARY KEY (`id`),
  ADD KEY `user_id` (`user_id`),
  ADD KEY `added_by` (`added_by`);

--
-- Indexes for table `sitio1_staff`
--
ALTER TABLE `sitio1_staff`
  ADD PRIMARY KEY (`id`),
  ADD UNIQUE KEY `username` (`username`),
  ADD KEY `created_by` (`created_by`);

--
-- Indexes for table `sitio1_staff_schedule`
--
ALTER TABLE `sitio1_staff_schedule`
  ADD PRIMARY KEY (`id`),
  ADD UNIQUE KEY `unique_staff_date` (`staff_id`,`date`);

--
-- Indexes for table `sitio1_users`
--
ALTER TABLE `sitio1_users`
  ADD PRIMARY KEY (`id`),
  ADD UNIQUE KEY `username` (`username`),
  ADD UNIQUE KEY `email_UNIQUE` (`email`),
  ADD KEY `approved_by` (`approved_by`);

--
-- Indexes for table `staff_documents`
--
ALTER TABLE `staff_documents`
  ADD PRIMARY KEY (`id`),
  ADD KEY `uploaded_by` (`uploaded_by`);

--
-- Indexes for table `user_announcements`
--
ALTER TABLE `user_announcements`
  ADD PRIMARY KEY (`id`),
  ADD UNIQUE KEY `unique_user_announcement` (`user_id`,`announcement_id`),
  ADD KEY `user_announcements_ibfk_2` (`announcement_id`);

--
-- Indexes for table `user_appointments`
--
ALTER TABLE `user_appointments`
  ADD PRIMARY KEY (`id`);

--
-- AUTO_INCREMENT for dumped tables
--

--
-- AUTO_INCREMENT for table `admin`
--
ALTER TABLE `admin`
  MODIFY `id` int(11) NOT NULL AUTO_INCREMENT, AUTO_INCREMENT=3;

--
-- AUTO_INCREMENT for table `audit_logs`
--
ALTER TABLE `audit_logs`
  MODIFY `id` int(11) NOT NULL AUTO_INCREMENT, AUTO_INCREMENT=2;

--
-- AUTO_INCREMENT for table `deleted_patients`
--
ALTER TABLE `deleted_patients`
  MODIFY `id` int(11) NOT NULL AUTO_INCREMENT, AUTO_INCREMENT=11;

--
-- AUTO_INCREMENT for table `existing_info_patients`
--
ALTER TABLE `existing_info_patients`
  MODIFY `id` int(11) NOT NULL AUTO_INCREMENT, AUTO_INCREMENT=30;

--
-- AUTO_INCREMENT for table `patient_visits`
--
ALTER TABLE `patient_visits`
  MODIFY `id` int(11) NOT NULL AUTO_INCREMENT, AUTO_INCREMENT=3;

--
-- AUTO_INCREMENT for table `sitio1_announcements`
--
ALTER TABLE `sitio1_announcements`
  MODIFY `id` int(11) NOT NULL AUTO_INCREMENT, AUTO_INCREMENT=11;

--
-- AUTO_INCREMENT for table `sitio1_appointments`
--
ALTER TABLE `sitio1_appointments`
  MODIFY `id` int(11) NOT NULL AUTO_INCREMENT, AUTO_INCREMENT=54;

--
-- AUTO_INCREMENT for table `sitio1_consultations`
--
ALTER TABLE `sitio1_consultations`
  MODIFY `id` int(11) NOT NULL AUTO_INCREMENT, AUTO_INCREMENT=17;

--
-- AUTO_INCREMENT for table `sitio1_patients`
--
ALTER TABLE `sitio1_patients`
  MODIFY `id` int(11) NOT NULL AUTO_INCREMENT, AUTO_INCREMENT=93;

--
-- AUTO_INCREMENT for table `sitio1_staff`
--
ALTER TABLE `sitio1_staff`
  MODIFY `id` int(11) NOT NULL AUTO_INCREMENT, AUTO_INCREMENT=7;

--
-- AUTO_INCREMENT for table `sitio1_staff_schedule`
--
ALTER TABLE `sitio1_staff_schedule`
  MODIFY `id` int(11) NOT NULL AUTO_INCREMENT, AUTO_INCREMENT=29;

--
-- AUTO_INCREMENT for table `sitio1_users`
--
ALTER TABLE `sitio1_users`
  MODIFY `id` int(11) NOT NULL AUTO_INCREMENT, AUTO_INCREMENT=64;

--
-- AUTO_INCREMENT for table `staff_documents`
--
ALTER TABLE `staff_documents`
  MODIFY `id` int(11) NOT NULL AUTO_INCREMENT, AUTO_INCREMENT=8;

--
-- AUTO_INCREMENT for table `user_announcements`
--
ALTER TABLE `user_announcements`
  MODIFY `id` int(11) NOT NULL AUTO_INCREMENT, AUTO_INCREMENT=47;

--
-- AUTO_INCREMENT for table `user_appointments`
--
ALTER TABLE `user_appointments`
  MODIFY `id` int(11) NOT NULL AUTO_INCREMENT, AUTO_INCREMENT=42;

--
-- Constraints for dumped tables
--

--
-- Constraints for table `existing_info_patients`
--
ALTER TABLE `existing_info_patients`
  ADD CONSTRAINT `existing_info_patients_ibfk_1` FOREIGN KEY (`patient_id`) REFERENCES `sitio1_patients` (`id`) ON DELETE CASCADE;

--
-- Constraints for table `patient_visits`
--
ALTER TABLE `patient_visits`
  ADD CONSTRAINT `patient_visits_ibfk_1` FOREIGN KEY (`patient_id`) REFERENCES `sitio1_patients` (`id`) ON DELETE CASCADE,
  ADD CONSTRAINT `patient_visits_ibfk_2` FOREIGN KEY (`staff_id`) REFERENCES `sitio1_staff` (`id`) ON DELETE CASCADE;

--
-- Constraints for table `sitio1_announcements`
--
ALTER TABLE `sitio1_announcements`
  ADD CONSTRAINT `sitio1_announcements_ibfk_1` FOREIGN KEY (`staff_id`) REFERENCES `sitio1_staff` (`id`);

--
-- Constraints for table `sitio1_appointments`
--
ALTER TABLE `sitio1_appointments`
  ADD CONSTRAINT `sitio1_appointments_ibfk_1` FOREIGN KEY (`staff_id`) REFERENCES `sitio1_staff` (`id`);

--
-- Constraints for table `sitio1_consultations`
--
ALTER TABLE `sitio1_consultations`
  ADD CONSTRAINT `sitio1_consultations_ibfk_2` FOREIGN KEY (`responded_by`) REFERENCES `sitio1_staff` (`id`);

--
-- Constraints for table `sitio1_patients`
--
ALTER TABLE `sitio1_patients`
  ADD CONSTRAINT `sitio1_patients_ibfk_1` FOREIGN KEY (`user_id`) REFERENCES `sitio1_users` (`id`),
  ADD CONSTRAINT `sitio1_patients_ibfk_2` FOREIGN KEY (`added_by`) REFERENCES `sitio1_staff` (`id`);

--
-- Constraints for table `sitio1_staff`
--
ALTER TABLE `sitio1_staff`
  ADD CONSTRAINT `sitio1_staff_ibfk_1` FOREIGN KEY (`created_by`) REFERENCES `admin` (`id`);

--
-- Constraints for table `sitio1_staff_schedule`
--
ALTER TABLE `sitio1_staff_schedule`
  ADD CONSTRAINT `sitio1_staff_schedule_ibfk_1` FOREIGN KEY (`staff_id`) REFERENCES `sitio1_staff` (`id`);

--
-- Constraints for table `sitio1_users`
--
ALTER TABLE `sitio1_users`
  ADD CONSTRAINT `sitio1_users_ibfk_1` FOREIGN KEY (`approved_by`) REFERENCES `sitio1_staff` (`id`);

--
-- Constraints for table `staff_documents`
--
ALTER TABLE `staff_documents`
  ADD CONSTRAINT `staff_documents_ibfk_1` FOREIGN KEY (`uploaded_by`) REFERENCES `admin` (`id`) ON DELETE CASCADE;

--
-- Constraints for table `user_announcements`
--
ALTER TABLE `user_announcements`
  ADD CONSTRAINT `user_announcements_ibfk_2` FOREIGN KEY (`announcement_id`) REFERENCES `sitio1_announcements` (`id`) ON DELETE CASCADE;
COMMIT;

/*!40101 SET CHARACTER_SET_CLIENT=@OLD_CHARACTER_SET_CLIENT */;
/*!40101 SET CHARACTER_SET_RESULTS=@OLD_CHARACTER_SET_RESULTS */;
/*!40101 SET COLLATION_CONNECTION=@OLD_COLLATION_CONNECTION */;
